{
	"folders": {},
	"connections": {
		"oracle_thin-170c8bfab7b-4558884a8c2e7bb9": {
			"provider": "oracle",
			"driver": "oracle_thin",
			"name": "Oracle - xe",
			"save-password": true,
			"read-only": false,
			"configuration": {
				"host": "localhost",
				"port": "1521",
				"database": "xe",
				"url": "jdbc:oracle:thin:@//localhost:1521/xe",
				"type": "dev",
				"provider-properties": {
					"@dbeaver-always-use-dba-views@": "false",
					"@dbeaver-sid-service@": "SERVICE",
					"@dbeaver-meta-use-simple-constraints@": "false",
					"@dbeaver-use-rule-hint@": "false",
					"@dbeaver-use-meta-optimizer@": "false",
					"@dbeaver-connection-type@": "BASIC",
					"@dbeaver-check-schema-content@": "false",
					"@dbeaver-meta-use-sys-schema@": "false",
					"@dbeaver-always-show-dba@": "false"
				},
				"handlers": {}
			}
		}
	},
	"connection-types": {
		"dev": {
			"name": "Development",
			"color": "255,255,255",
			"description": "Regular development database",
			"auto-commit": true,
			"confirm-execute": false,
			"confirm-data-change": false
		}
	}
}