<?xml version="1.0" encoding="UTF-8"?>
<!DOCTYPE mapper PUBLIC "-//mybatis.org//DTD Mapper 3.0//EN" "http://mybatis.org/dtd/mybatis-3-mapper.dtd" >
<mapper namespace="mind">
  
  <resultMap type="mindDto" id="mindMap">
  	<result property="opno" column="O_P_NO"/>
  	<result property="miname" column="MI_NAME"/>
  	<result property="miaddr" column="MI_ADDR"/>
  	<result property="miwidth" column="MI_WIDTH"/>
  	<result property="miheight" column="MI_HEIGHT"/>
  	<result property="mitop" column="MI_TOP"/>
  	<result property="mileft" column="MI_LEFT"/>
  	<result property="miz" column="MI_Z"/>
  </resultMap>
  
  
  <select id="selectList" resultMap="mindMap">
  	SELECT O_P_NO, MI_NAME, MI_ADDR, MI_WIDTH, MI_HEIGHT, MI_TOP, MI_LEFT, MI_Z
  	FROM MMH_MIND
  	ORDER BY O_P_NO DESC
  </select>
  
  <select id="selectOne" parameterType="int" resultMap="mindMap">
  	SELECT O_P_NO, MI_NAME, MI_ADDR, MI_WIDTH, MI_HEIGHT, MI_TOP, MI_LEFT, MI_Z FROM MMH_MIND WHERE O_P_NO=#{opno}
  </select>
  
  <insert id="insert" parameterType="mindDto">
  	INSERT INTO MMH_MIND VALUES(O_P_NO, #{miname}, #{miaddr}, #{miwidth}, #{miheight}, #{mitop}, #{mileft}, #{miz})
  </insert>
  
  <update id="update" parameterType="mindDto">
  	UPDATE MMH_MIND SET PO_WIDTH = #{miwidth}, PO_HEIGHT = #{miheight}, PO_TOP=#{mitop}, PO_LEFT=#{mileft}, PO_Z=#{miz} 
  	WHERE O_P_NO = #{opno} 
  </update>
  
  <delete id="delete" parameterType="int">
  	DELETE FROM MMH_MIND WHERE O_P_NO=#{opno} 
  </delete>
</mapper>